{
    "version": "py-0.0.1",
    "dataset": {
        "item_count": 10000
    },
    "features": [
        {
            "name": "CreditScore",
            "data_type": "integer",
            "num_present": 10000,
            "num_missing": 0,
            "numerical_stats": {
                "mean": 650.5288,
                "sum": 6505288.0,
                "std_dev": 96.65329873613035,
                "min": 350.0,
                "max": 850.0,
                "quantiles": {
                    "0": 350.0,
                    "5": 489.0,
                    "10": 521.0,
                    "15": 545.0,
                    "20": 566.0,
                    "25": 584.0,
                    "30": 598.7000000000003,
                    "35": 613.0,
                    "40": 627.0,
                    "45": 639.0,
                    "50": 652.0,
                    "55": 665.0,
                    "60": 678.0,
                    "65": 690.0,
                    "70": 704.0,
                    "75": 718.0,
                    "80": 735.0,
                    "85": 754.0,
                    "90": 778.0,
                    "95": 812.0,
                    "100": 850.0
                }
            }
        },
        {
            "name": "Geography",
            "data_type": "string",
            "num_present": 10000,
            "num_missing": 0,
            "categorical_stats": {
                "distinct_count": 3,
                "top": "France",
                "distribution": {
                    "Spain": 0.2477,
                    "France": 0.5014,
                    "Germany": 0.2509
                }
            }
        },
        {
            "name": "Gender",
            "data_type": "string",
            "num_present": 10000,
            "num_missing": 0,
            "categorical_stats": {
                "distinct_count": 2,
                "top": "Male",
                "distribution": {
                    "Female": 0.4543,
                    "Male": 0.5457
                }
            }
        },
        {
            "name": "Age",
            "data_type": "integer",
            "num_present": 10000,
            "num_missing": 0,
            "numerical_stats": {
                "mean": 38.9218,
                "sum": 389218.0,
                "std_dev": 10.487806451704609,
                "min": 18.0,
                "max": 92.0,
                "quantiles": {
                    "0": 18.0,
                    "5": 25.0,
                    "10": 27.0,
                    "15": 29.0,
                    "20": 31.0,
                    "25": 32.0,
                    "30": 33.0,
                    "35": 34.0,
                    "40": 35.0,
                    "45": 36.0,
                    "50": 37.0,
                    "55": 38.0,
                    "60": 40.0,
                    "65": 41.0,
                    "70": 42.0,
                    "75": 44.0,
                    "80": 46.0,
                    "85": 49.0,
                    "90": 53.0,
                    "95": 60.0,
                    "100": 92.0
                }
            }
        },
        {
            "name": "Tenure",
            "data_type": "integer",
            "num_present": 10000,
            "num_missing": 0,
            "numerical_stats": {
                "mean": 5.0128,
                "sum": 50128.0,
                "std_dev": 2.8921743770496837,
                "min": 0.0,
                "max": 10.0,
                "quantiles": {
                    "0": 0.0,
                    "5": 1.0,
                    "10": 1.0,
                    "15": 2.0,
                    "20": 2.0,
                    "25": 3.0,
                    "30": 3.0,
                    "35": 3.0,
                    "40": 4.0,
                    "45": 5.0,
                    "50": 5.0,
                    "55": 5.0,
                    "60": 6.0,
                    "65": 7.0,
                    "70": 7.0,
                    "75": 7.0,
                    "80": 8.0,
                    "85": 8.0,
                    "90": 9.0,
                    "95": 9.0,
                    "100": 10.0
                }
            }
        },
        {
            "name": "Balance",
            "data_type": "number",
            "num_present": 10000,
            "num_missing": 0,
            "numerical_stats": {
                "mean": 76485.889288,
                "sum": 764858892.8800001,
                "std_dev": 62397.405202385955,
                "min": 0.0,
                "max": 250898.09,
                "quantiles": {
                    "0": 0.0,
                    "5": 0.0,
                    "10": 0.0,
                    "15": 0.0,
                    "20": 0.0,
                    "25": 0.0,
                    "30": 0.0,
                    "35": 0.0,
                    "40": 73080.908,
                    "45": 87621.897,
                    "50": 97198.54000000001,
                    "55": 104147.45449999999,
                    "60": 110138.926,
                    "65": 116222.8695,
                    "70": 122029.87,
                    "75": 127644.24,
                    "80": 133710.358,
                    "85": 140895.0965,
                    "90": 149244.79200000002,
                    "95": 162711.66899999985,
                    "100": 250898.09
                }
            }
        },
        {
            "name": "NumOfProducts",
            "data_type": "integer",
            "num_present": 10000,
            "num_missing": 0,
            "numerical_stats": {
                "mean": 1.5302,
                "sum": 15302.0,
                "std_dev": 0.5816543579989906,
                "min": 1.0,
                "max": 4.0,
                "quantiles": {
                    "0": 1.0,
                    "5": 1.0,
                    "10": 1.0,
                    "15": 1.0,
                    "20": 1.0,
                    "25": 1.0,
                    "30": 1.0,
                    "35": 1.0,
                    "40": 1.0,
                    "45": 1.0,
                    "50": 1.0,
                    "55": 2.0,
                    "60": 2.0,
                    "65": 2.0,
                    "70": 2.0,
                    "75": 2.0,
                    "80": 2.0,
                    "85": 2.0,
                    "90": 2.0,
                    "95": 2.0,
                    "100": 4.0
                }
            }
        },
        {
            "name": "HasCrCard",
            "data_type": "integer",
            "num_present": 10000,
            "num_missing": 0,
            "numerical_stats": {
                "mean": 0.7055,
                "sum": 7055.0,
                "std_dev": 0.4558404644751333,
                "min": 0.0,
                "max": 1.0,
                "quantiles": {
                    "0": 0.0,
                    "5": 0.0,
                    "10": 0.0,
                    "15": 0.0,
                    "20": 0.0,
                    "25": 0.0,
                    "30": 1.0,
                    "35": 1.0,
                    "40": 1.0,
                    "45": 1.0,
                    "50": 1.0,
                    "55": 1.0,
                    "60": 1.0,
                    "65": 1.0,
                    "70": 1.0,
                    "75": 1.0,
                    "80": 1.0,
                    "85": 1.0,
                    "90": 1.0,
                    "95": 1.0,
                    "100": 1.0
                }
            }
        },
        {
            "name": "IsActiveMember",
            "data_type": "integer",
            "num_present": 10000,
            "num_missing": 0,
            "numerical_stats": {
                "mean": 0.5151,
                "sum": 5151.0,
                "std_dev": 0.49979692845891893,
                "min": 0.0,
                "max": 1.0,
                "quantiles": {
                    "0": 0.0,
                    "5": 0.0,